fold,auc
Fold 1,0.863188465926771
Fold 2,0.8614147909967846
Fold 3,0.8690946930280957
Fold 4,0.8350676378772112
Fold 5,0.8814776274713839
Mean,0.8620486430600491
Std,0.015210574352666865
